study_id,sex,smoking,class_sample,histology,necrosis,ihc_group,bin_otp,bin_ascl1,bin_hnf4a,WGD,chromothripsis,age_dx,py,stage_simple,max_mitosis,max_ki67,tmb,facets_fga,facets_ploidy,facets_purity,EIF1AX,ARID1A,ARID1B,ARID2,PBRM1,MEN1,KMT2A,KMT2D,KDM5C,ATM,BAP1,KRAS,NF1,PTEN,AKT3,TSC1,CCND1,CDK4,MDM2,MDM4,MYCL,CDKN2A,RB1,TP53,SMARCA4,SMARCB1,TERT,MGA,SF3B1,U2AF1,CDKN1B,CDKN2B
C01,Female,former,chemo_xrt_rrt,03_no_resection,not_available,not_available,negative,positive,,,chromothripsis,72.9972602739726,30,III,NA,20,0.8,0.41,1.7,0.74,,,,,,,,,,,,,,,,,,,,,,Del;Del;Del,,,,,,,,,,Del
C02,Male,never,tx_naive,03_no_resection,not_available,not_available,,,,,chromothripsis,44.6,0,IV,NA,30,0.8,0.27,2.1,0.83,,,,,nonsense,,,,,sv,,,,,,,Amp,,,Amp,,,sv,,,,,,,,,
C03,Male,former,tx_naive,02_atypical_carcinoid,not_available,other,negative,negative,negative,,chromothripsis,36.4904109589041,0.75,III,5.1,15,0.9,0.26,1.8,0.94,,,,,,,,,,,,,,,,,,,,,,,,,,,,,,,,
C04,Female,never,chemo_xrt_rrt,02_atypical_carcinoid,not_available,not_available,,,,,chromothripsis,64.027397260274,0,IV,4,25,NA,0.52,1.8,0.91,,,,,,,,,,,,,,,,,Amp,,,,,,,,,,Amp,,,,,
C05,Male,never,tx_naive,03_no_resection,not_available,not_available,negative,,,,chromothripsis,63.145205479452,0,IV,NA,30,1.6,NA,NA,NA,,,,,,splice,,,,sv,,,,,,,Amp,,,,,,,,,,,,,,,
C06,Female,never,tx_naive,02_atypical_carcinoid,absent,not_available,,,,,chromothripsis,59.7424657534247,0,III,8,20,0,0.28,2.1,0.79,,,,,,,,,,,,,,,,,Amp,,,,,,,,,,,,,,,
C07,Female,never,tx_naive,02_atypical_carcinoid,present,not_available,negative,,,,chromothripsis,37.6657534246575,0,III,50,50,0,0.26,2,0.69,,,,,,,,,,,,,,,,,Amp,,,,,,,,,,,,,,,
C08,Male,never,hormone_only,02_atypical_carcinoid,present,not_available,,,,,chromothripsis,34.9369863013699,0,II,9,30,0.9,NA,NA,NA,,,,,,,,,,,,,,,,,,,,,,,,,,,,,,,,
C09,Female,former,tx_naive,01_typical_carcinoid,absent,other,negative,positive,negative,,chromothripsis,61.241095890411,1.375,III,1,1,1.8,0.15,1.9,0.67,,,,,,missense,,,,,,,,,,,,,,,,,,,,,,,,,,
C10,Female,never,tx_naive,03_no_resection,absent,not_available,negative,positive,,,chromothripsis,30.6602739726027,0,IV,38,35,0.8,0.36,1.9,0.69,,,,,,,,,,,,,,,,,Amp,Amp,,,,,,,,,,,,,,
C11,Male,former,tx_naive,03_no_resection,not_available,not_available,negative,,,,chromothripsis,35.3041095890411,3,IV,NA,60,1.6,0.37,1.8,0.76,,,,,sv,missense,,,,,,,,,,,Amp,,,,,,,,,,,,,,,
C12,Male,never,tx_naive,02_atypical_carcinoid,present,not_available,,,,wgd,chromothripsis,74.0684931506849,0,IV,7,30,7,0.75,3.3,0.63,,,,,,,,,,frameshift,,missense,,,,,Amp,,,,,,,,,missense,,,,,,
C13,Female,never,tx_naive,02_atypical_carcinoid,not_available,other,negative,positive,negative,,chromothripsis,68.3643835616438,0,II,8,25,3.5,0.43,1.9,0.68,,,,,,frameshift,,,,missense,,,,,,,,,,,,,,,,,,,,,,
C14,Male,never,chemo_xrt_rrt,02_atypical_carcinoid,present,other,negative,positive,negative,,chromothripsis,27.7917808219178,0,IV,6,25,0,0.54,2.7,0.67,,,,,,,,,,,,,,,,,,,,,,,,,,,,,,,,
C15,Male,former,chemo_xrt_rrt,03_no_resection,absent,not_available,,,,,chromothripsis,50.4301369863014,10,IV,3.4,30,2.6,0.2,1.9,0.79,,,,,,,,,,inframe;missense,,,,,,,Amp,,,,,,,,,,,,,,,
C16,Female,former,chemo_xrt_rrt,03_no_resection,not_available,not_available,negative,positive,,,chromothripsis,59.9123287671233,36,IV,0,7,2.6,0.78,2.5,0.91,,,,,,sv,,,,,,,,,,,Amp,,,,,,,,,,,,,,,
C17,Male,never,chemo_xrt_rrt,02_atypical_carcinoid,present,not_available,positive,positive,,,chromothripsis,75.841095890411,0,I,9,20,0.9,0.41,2,0.77,,,,,,,,,,sv,,,,,,,Amp,,,,,,,,,,,,,,,
C18,Male,never,chemo_xrt_rrt,02_atypical_carcinoid,not_available,not_available,,,,,chromothripsis,54.6383561643836,0,I,2.5,30,1.6,0.19,1.9,0.32,,,,,,nonsense,,,,,,,,,,,,,,,,,,,,,,,,,,
C19,Male,former,tx_naive,03_no_resection,absent,not_available,,,,,chromothripsis,77.5506849315069,1.375,IV,1,10,0.9,0.32,2.1,0.81,,,,,,,,,,,,,,,,,,Amp,Amp,Amp,,,,,,,,,,,,
C20,Female,never,tx_naive,03_no_resection,absent,not_available,,,,,chromothripsis,77.4986301369863,0,IV,2.55,35,1.6,NA,NA,NA,,sv,,missense,,,,missense,,,,,,,,,,,,,Amp,,,,,,,,,,,
C21,Female,never,tx_naive,02_atypical_carcinoid,not_available,other,positive,negative,negative,,chromothripsis,70.3205479452055,0,II,6.8,27.7,1.8,0.19,1.9,0.51,,frameshift,,,,,,,,,,,,,,,,,,,,,,,,,,,,,,
C22,Male,former,tx_naive,02_atypical_carcinoid,present,other,negative,positive,negative,,chromothripsis,64.8054794520548,0.75,IV,8,15,NA,0.32,2,0.46,,,,,,,,,,,,,,,,,,,,,Amp,,,,,,,,,,,
C23,Male,former,tx_naive,03_no_resection,absent,not_available,positive,positive,,,chromothripsis,66.9397260273973,18.75,II,2,25,2.6,0.3,2.2,0.49,,,,,,,,,,,,,missense,,,,,,,Amp,Amp,,,,,,,,,,,
C24,Female,never,tx_naive,02_atypical_carcinoid,present,not_available,,,,wgd,chromothripsis,69.4383561643836,0,I,14,35,1.8,0.92,2.4,0.75,,,,,,,,,,,,,,,,,,,,,Amp,,,,,,,,,,,
C25,Female,former,tx_naive,03_no_resection,not_available,not_available,positive,positive,,,chromothripsis,64.4958904109589,62.5,IV,0,24.9,2.6,0.3,2.1,0.65,missense,,,,,,,,,,,,,,,,,,,,,,,,,,,,,,,
C26,Female,never,tx_naive,02_atypical_carcinoid,not_available,not_available,positive,positive,,,chromothripsis,90.7479452054795,0,I,9,21.6,1.6,0.54,1.8,0.7,missense,,,,,,,,,,,,,,,,,,,,Amp,,,,,,,,,,,
C27,Male,never,tx_naive,02_atypical_carcinoid,absent,other,positive,positive,positive,wgd,chromothripsis,68.7698630136986,0,II,6.3,30,1.6,0.52,2.7,0.76,,,,,,,,,,,,,,,,,,,Amp,,,,,,,,,,,,,
C28,Female,former,tx_naive,03_no_resection,not_available,not_available,negative,positive,,,chromothripsis,78.8739726027397,62.5,IV,1.7,13,5.8,NA,NA,NA,,,,,,,,,,,,missense,,,,,,,,,,,,,,,,,,missense,,
C29,Female,former,tx_naive,03_no_resection,not_available,not_available,,,,,chromothripsis,55.8164383561644,10,IV,NA,22,2.5,0.21,1.9,0.7,inframe,,,,,,,nonsense,,,,,,,,,,,,,,,,,,,,,,,,
C30,Female,never,tx_naive,03_no_resection,not_available,not_available,positive,,,,chromothripsis,54.7917808219178,0,IV,2.55,5,0,NA,NA,NA,,,,,,,,,,,,,,,,,,,,,,,,,,,,,,,,
PU001,Female,current,tx_naive,01_typical_carcinoid,not_available,other,positive,negative,negative,,,63.9342465753425,21,I,0,0.5,1.8,NA,NA,NA,,,,,,,,,,,,,,,,,,,,,,,,,,,,,,,,
PU002,Female,never,tx_naive,01_typical_carcinoid,absent,A1,positive,positive,negative,,,61.3342465753425,0,I,0.5,3,1,0.058,2.1,0.59,,,,,,,,,,,,,,,,,,,,,,,,,,,,,,,,
PU003,Female,former,tx_naive,01_typical_carcinoid,absent,A1,positive,positive,negative,,,55.6794520547945,18.75,I,0,1,NA,NA,NA,NA,,,,,,,,,,,,,,,,,,,,,,,,,,,,,,,,
PU004,Female,former,tx_naive,01_typical_carcinoid,absent,A1,positive,positive,negative,,,52.4301369863014,0.3,II,1,3,0,0.25,1.9,0.47,,,,,,,,,,,,,,,,,,,,,,,,,,,,,,,,
PU005,Female,never,tx_naive,01_typical_carcinoid,absent,A2,positive,negative,positive,,,56.558904109589,0,I,1,1,NA,NA,NA,NA,,,,,,,,,,,,,,,,,,,,,,,,,,,,,,,,
PU006,Female,never,tx_naive,01_typical_carcinoid,absent,A1,positive,positive,negative,,,60.627397260274,0,I,0.5,3,NA,NA,NA,NA,,,,,,,,,,,,,,,,,,,,,,,,,,,,,,,,
PU007,Female,former,tx_naive,01_typical_carcinoid,absent,A1,positive,positive,negative,,,70.6493150684932,70,I,0,1,0,0.17,2.7,0.27,,,,,,,,,,,,,,,,,,,,,,,,,,,,,,,,
PU008,Female,never,tx_naive,01_typical_carcinoid,absent,A1,positive,positive,negative,,,59.8767123287671,0,I,0,1,0.9,0.085,2,0.78,,,,,,,,,,,,,,,,,,,,,,,,,,,,,,,,
PU009,Male,never,tx_naive,01_typical_carcinoid,absent,B,negative,negative,positive,,,76.2438356164384,0,I,0,0.5,NA,0.18,2.2,0.75,,,,,,,,,,,,,,,,,,,,,,,,,,,,,,,,
PU010,Female,current,tx_naive,01_typical_carcinoid,absent,A1,positive,positive,negative,,,81.0027397260274,21,I,1,2,NA,NA,NA,NA,,,,,,,,,,,,,,,,,,,,,,,,,,,,,,,,
PU011,Female,never,tx_naive,01_typical_carcinoid,absent,A1,positive,positive,negative,,,76.841095890411,0,I,0,0.5,0.9,NA,NA,NA,,,,,,,,,,,,,,,,,,,,,,,,,,,,,,,,
PU012,Female,never,tx_naive,01_typical_carcinoid,absent,A1,positive,positive,negative,,,52.8849315068493,0,I,1,1.5,0,NA,NA,NA,,,,,,,,,,,,,,,,,,,,,,,,,,,,,,,,
PU013,Female,former,tx_naive,01_typical_carcinoid,absent,A1,positive,positive,negative,,,83.6876712328767,0.75,I,0,0.5,NA,0.17,2.1,0.79,,,,,,,,,,,,,,,,,,,,,,,,,,,,,,,,
PU014,Female,never,hormone_only,01_typical_carcinoid,absent,A1,positive,positive,negative,,,62.8931506849315,0,I,0,2,0,NA,NA,NA,,,,,,,,,,,,,,,,,,,,,,,,,,,,,,,,
PU015,Female,former,hormone_only,01_typical_carcinoid,absent,A2,positive,negative,positive,,,66.8164383561644,30,I,0,1,0,0.19,2.3,0.63,,,,,,,,,,,,,,,,,,,,,,,,,,,,,,,,
PU016,Female,current,tx_naive,01_typical_carcinoid,absent,A1,positive,positive,negative,,,71.2383561643836,18,I,1,1,0,0.063,2.1,0.63,,,,,,,,,,,,,,,,,,,,,,,,,,,,,,,,
PU017,Female,former,chemo_xrt_rrt,01_typical_carcinoid,absent,A2,positive,negative,positive,,,69.1561643835616,0.75,I,0,0.5,0,0.069,2,0.74,,,,,,,,,,,,,,,,,,,,,,,,,,,,,,,,
PU018,Female,former,tx_naive,01_typical_carcinoid,absent,A1,positive,positive,negative,,,47.5616438356164,70,I,1,0.5,0,NA,NA,NA,,,,,,,,,,,,,,,,,,,,,,,,,,,,,,,,
PU019,Male,former,tx_naive,01_typical_carcinoid,absent,other,positive,positive,positive,,,51.4465753424658,0.5,I,0,1,1.8,NA,NA,NA,,,,,,,,,,,,,,,,,,,,,,,,,,,,,,,,
PU020,Female,never,tx_naive,01_typical_carcinoid,absent,A1,positive,positive,negative,,,35.9095890410959,0,I,0,1,0,0.16,2,0.74,,,,,,,,,,,,,,,,,,,,,,,,,,,,,,,,
PU021,Female,never,tx_naive,02_atypical_carcinoid,absent,A2,positive,negative,positive,,,60.5753424657534,0,II,7,15,0,NA,NA,NA,,,,,,,,,,,,,,,,,,,,,,,,,,,,,,,,
PU022,Female,never,tx_naive,01_typical_carcinoid,absent,other,positive,negative,negative,,,59.6328767123288,0,II,1,1,0,NA,NA,NA,,,,,,,,,,,,,,,,,,,,,,,,,,,,,,,,
PU023,Female,former,tx_naive,01_typical_carcinoid,absent,A2,positive,negative,positive,,,49.1561643835616,4.75,I,0,0.5,0,NA,NA,NA,,,,,,,,,,,,,,,,,,,,,,,,,,,,,,,,
PU024,Female,never,tx_naive,01_typical_carcinoid,absent,A1,positive,positive,negative,,,52.013698630137,0,I,0,0.5,0,0.0087,2.1,0.66,,,,,,,,,,,,,,,,,,,,,,,,,,,,,,,,
PU025,Male,never,tx_naive,01_typical_carcinoid,absent,other,positive,negative,negative,,,54.3780821917808,0,I,1,5,0,NA,NA,NA,,,,,,,,,,,,,,,,,,,,,,,,,,,,,,,,
PU026,Male,former,tx_naive,01_typical_carcinoid,absent,other,positive,negative,negative,,,73.5397260273973,0.75,II,1,1,0.9,0.2,2.4,0.47,,,,,,,,,,,,,,,,,,,,,,,,,,,,,,,,
PU027,Female,former,tx_naive,02_atypical_carcinoid,present,A1,positive,positive,negative,,,63.5232876712329,0.75,I,0,1,0,0.019,2.2,0.52,,,,,,,,,,,,,,,,,,,,,,,,,,,,,,,,
PU028,Female,never,hormone_only,01_typical_carcinoid,absent,other,positive,negative,negative,,,62.0630136986301,0,I,1,1,0,NA,NA,NA,,,,,,,,,,,,,,,,,,,,,,,,,,,,,,,,
PU029,Female,former,tx_naive,01_typical_carcinoid,not_available,A2,positive,negative,positive,,,23.0684931506849,18.75,I,0,2,0,0.21,2.4,0.75,,,,,,,,,,,,,,,,,,,,,,,,,,,,,,,,
PU030,Male,former,tx_naive,01_typical_carcinoid,absent,A1,positive,positive,negative,,,69.1890410958904,17,I,0,1,0,0.084,2,0.35,,,,,,,,,,,,,,,,,,,,,,,,,,,,,,,,
PU031,Female,never,tx_naive,02_atypical_carcinoid,absent,other,positive,negative,negative,,,61.186301369863,0,I,2,2,0,0.039,2.2,0.56,,,,,,,,,,,,,,,,,,,,,,,,,,,,,,,,
PU032,Male,never,tx_naive,01_typical_carcinoid,absent,other,positive,negative,negative,,,59.441095890411,0,I,0,0.5,0,NA,NA,NA,,,,,,,,,,,,,,,,,,,,,,,,,,,,,,,,
PU033,Male,former,tx_naive,01_typical_carcinoid,absent,A2,positive,negative,positive,,,57.2849315068493,30,I,0,1,0,0.064,2,0.76,,,,,,,,,,,,,,,,,,,,,,,,,,,,,,,,
PU034,Female,never,tx_naive,01_typical_carcinoid,absent,A2,positive,negative,positive,,,54.5123287671233,0,I,1.7,3,0,NA,NA,NA,,,,,,,,,,,,,,,,,,,,,,,,,,,,,,,,
PU035,Female,never,tx_naive,01_typical_carcinoid,absent,other,positive,negative,negative,,,74.1342465753425,0,I,1,1,0.9,NA,NA,NA,,,,,,,,,,,,,,,,,,,,,,,,,,,,,,,,
PU036,Male,never,tx_naive,02_atypical_carcinoid,present,A1,positive,positive,negative,,,72.7753424657534,0,I,3,8.2,0,NA,NA,NA,,,,,,,,,,,,,,,,,,,,,,,,,,,,,,,,
PU037,Female,former,tx_naive,01_typical_carcinoid,absent,other,negative,negative,negative,wgd,,64.8520547945206,0.3,I,0,0.5,0.9,0.45,2.9,0.59,,,,,,,,,,,,,,,,,,,,,,,,,,,,,,,,
PU038,Female,never,tx_naive,01_typical_carcinoid,absent,A1,positive,positive,negative,,,72.0465753424658,0,I,0,1,0.8,NA,NA,NA,,,,,,,,,,,,,,,,,,,,,,,,,,,,,,,,
PU039,Female,former,tx_naive,01_typical_carcinoid,absent,A2,positive,negative,positive,,,56.5945205479452,2,I,0,1,0,0.095,2.1,0.31,,,,,,,,,,,,,,,,,,,,,,,,,,,,,,,,
PU040,Female,never,tx_naive,01_typical_carcinoid,absent,A1,positive,positive,negative,,,75.5753424657534,0,I,0,1,0,0.03,2.2,0.52,,,,,,,,,,,,,,,,,,,,,,,,,,,,,,,,
PU041,Male,former,tx_naive,01_typical_carcinoid,absent,other,negative,negative,negative,,,67.4082191780822,4.75,II,1,1,0.8,NA,NA,NA,,,,,,,,,,,,,,,,,,,,,,,,,,,,,,,,
PU042,Female,never,chemo_xrt_rrt,01_typical_carcinoid,absent,A1,positive,positive,negative,,,61.6109589041096,0,I,0,1,0,NA,NA,NA,,,,,,,,,,,,,,,,,,,,,,,,,,,,,,,,
PU043,Female,former,tx_naive,01_typical_carcinoid,absent,A1,positive,positive,negative,,,76.5342465753425,6,I,0,0.5,0,0.007,2.2,0.52,,,,,,,,,,,,,,,,,,,,,,,,,,,,,,,,
PU044,Male,former,tx_naive,01_typical_carcinoid,absent,A2,positive,negative,positive,,,31.7890410958904,0.3,I,1,2,0,NA,NA,NA,,,,,,,,,,,,,,,,,,,,,,,,,,,,,,,,
PU045,Female,never,tx_naive,01_typical_carcinoid,not_available,A2,positive,negative,positive,,,26.586301369863,0,II,0,1,0,0.2,2,0.69,,,,,,,,,,,,,,,,,,,,,,,,,,,,,,,,
PU046,Female,never,tx_naive,01_typical_carcinoid,absent,A2,positive,negative,positive,,,61.158904109589,0,I,0,2,0,0.19,2.7,0.29,,,,,,,,,,,,,,,,,,,,,,,,,,,,,,,,
PU047,Female,never,tx_naive,01_typical_carcinoid,absent,other,positive,negative,negative,,,57.4027397260274,0,I,1,0.5,0,0.092,2.4,0.32,,,,,,,,,,,,,,,,,,,,,,,,,,,,,,,,
PU048,Male,never,tx_naive,01_typical_carcinoid,absent,A1,positive,positive,negative,,,55.9479452054794,0,I,1,2,0,NA,NA,NA,,,,,,,,,,,,,,,,,,,,,,,,,,,,,,,,
PU049,Female,never,hormone_only,01_typical_carcinoid,absent,A1,positive,positive,negative,,,55.0547945205479,0,I,0,2,0.8,0.054,2,0.58,,,,,,,,,,,,,,,,,,,,,,,,,,,,,,,,
PU050,Male,former,tx_naive,01_typical_carcinoid,not_available,A1,positive,positive,negative,,,50.372602739726,17,II,0,2,0,0.083,2,0.66,,,,,,,,,,,,,,,,,,,,,,,,,,,,,,,,
PU051,Female,never,tx_naive,01_typical_carcinoid,absent,A1,positive,positive,negative,,,57.9178082191781,0,I,0,2,0.8,NA,NA,NA,,,,,,,,,,,,,,,,,,,,,,,,,,,,,,,,
PU052,Female,never,tx_naive,01_typical_carcinoid,absent,A1,positive,positive,negative,,,63.3561643835616,0,I,0,1,0,NA,NA,NA,,,,,,,,,,,,,,,,,,,,,,,,,,,,,,,,
PU053,Male,never,tx_naive,01_typical_carcinoid,absent,B,negative,negative,positive,,,54.0958904109589,0,I,0,0.5,0.8,0.076,2.2,0.87,,,,,,,,,,,,,,,,,,,,,,,,,,,,,,,,
PU054,Male,never,tx_naive,01_typical_carcinoid,absent,B,negative,negative,positive,,,54.5013698630137,0,III,0,1.5,0,0.14,2.2,0.81,,,,,,,,,,,,,,,,,,,,,,,,,,,,,,,,
PU055,Male,current,tx_naive,01_typical_carcinoid,absent,A1,positive,positive,negative,,,64.1369863013699,50,I,0,1,1.6,NA,NA,NA,,,,,,,,,,,,,,,,,,,,,,,,,,,,,,,,
PU056,Female,never,tx_naive,01_typical_carcinoid,absent,other,positive,negative,negative,,,72.9479452054795,0,I,0,0.5,1.6,NA,NA,NA,,,,,,,,,,,,,,,,,,,,,,,,,,,,,,,,
PU057,Female,former,tx_naive,01_typical_carcinoid,absent,other,positive,negative,negative,,,66.8219178082192,10,I,0,0.5,0,0.04,2.1,0.5,,,,,,,,,,,,,,,,,,,,,,,,,,,,,,,,
PU058,Female,never,tx_naive,01_typical_carcinoid,absent,not_available,,,,,,66.1369863013699,0,I,0.85,3,1.6,NA,NA,NA,,,,,,,,,,,,,,,,,,,,,,,,,,,,,,,,
PU059,Female,never,tx_naive,03_no_resection,absent,not_available,,,,,,63.7561643835616,0,I,0,2,NA,NA,NA,NA,,,,,,,,,,,,,,,,,,,,,,,,,,,,,,,,
PU060,Male,former,tx_naive,01_typical_carcinoid,absent,not_available,,,,,,65.2904109589041,10,II,1,1,0,0.1,2.1,0.82,,,,,,,,,,,,,,,,,,,,,,,,,,,,,,,,
PU061,Female,never,tx_naive,01_typical_carcinoid,absent,not_available,,,,,,87.2986301369863,0,I,1,2,0.9,0.07,2,0.77,,,,,,,,,,,,,,,,,,,,,,,,,,,,,,,,
PU062,Female,never,chemo_xrt_rrt,01_typical_carcinoid,absent,not_available,,,,wgd,,49.0986301369863,0,II,0,0.5,0.9,0.44,3.5,0.78,,,,,,,,,,,,,,,,,,,,,,,,,,,,,,,,
PU063,Female,never,tx_naive,01_typical_carcinoid,absent,not_available,,,,,,17.558904109589,0,II,0,3,0,NA,NA,NA,,,,,,,,,,,,,,,,,,,,,,,,,,,,,,,,
PU064,Male,former,tx_naive,01_typical_carcinoid,absent,not_available,,,,,,57.1041095890411,3.5,I,0,3,0,NA,NA,NA,,,,,,,,,,,,,,,,,,,,,,,,,,,,,,,,
PU065,Male,former,tx_naive,01_typical_carcinoid,absent,not_available,,,,,,34.9698630136986,15,I,0,1,0,0.11,2.4,0.28,,,,,,,,,,,,,,,,,,,,,,,,,,,,,,,,
PU066,Female,never,tx_naive,03_no_resection,absent,not_available,,,,,,53.4547945205479,0,I,0,1,0.9,0.086,2.1,0.94,,,,,,,,,,,,,,,,,,,,,,,,,,,,,,,,
PU067,Female,current,tx_naive,01_typical_carcinoid,absent,not_available,,,,,,81.6027397260274,18,III,1.7,5,0.9,0.028,2.1,0.33,,,,,,,,,,,,,,,,,,,,,,,,,,,,,,,,
PU068,Female,former,tx_naive,01_typical_carcinoid,absent,not_available,,,,wgd,,70.8219178082192,0.5,IV,1,NA,2.5,0.43,3.8,0.25,,,,,,,,,,,,,,,,,,,,,,,,,,,,,,,,
PU069,Female,never,chemo_xrt_rrt,02_atypical_carcinoid,not_available,not_available,,,,,,57.7424657534247,0,I,2,12,0,0.24,2.2,0.43,,,,,,,,,,,,,,,,,,,,,,,,,,,,,,,,
PU070,Female,never,tx_naive,03_no_resection,not_available,not_available,,,,,,8.92602739726027,0,II,NA,1,0,0.33,2.2,0.17,,,,,,,,,,,,,,,,,,,,,,,,,,,,,,,,
PU071,Female,never,hormone_only,01_typical_carcinoid,absent,not_available,,,,,,71.545205479452,0,III,10,30,0,0.11,2.1,0.76,,,,,,,,,,,,,,,,,,,,,,,,,,,,,,,,
PU072,Female,never,chemo_xrt_rrt,03_no_resection,not_available,not_available,,,,,,62.0301369863014,0,I,NA,1,0.8,NA,NA,NA,,,,,,,,,,,,,,,,,,,,,,,,,,,,,,,,
PU073,Female,former,tx_naive,01_typical_carcinoid,not_available,not_available,,,,,,64.4520547945205,12.5,I,0,1,0,NA,NA,NA,,,,,,,,,,,,,,,,,,,,,,,,,,,,,,,,
PU074,Male,former,tx_naive,03_no_resection,absent,not_available,,,,,,38.6794520547945,11,I,0,1,0.8,NA,NA,NA,,,,,,,,,,,,,,,,,,,,,,,,,,,,,,,,
PU075,Female,former,tx_naive,01_typical_carcinoid,absent,not_available,,,,,,64.8493150684932,12,I,0,2,0,NA,NA,NA,,,,,,,,,,,,,,,,,,,,,,,,,,,,,,,,
PU076,Female,former,tx_naive,03_no_resection,absent,not_available,,,,,,75.545205479452,22,III,0,2,1.6,0.053,2,0.27,,,,,,,,,,,,,,,,,,,,,,,,,,,,,,,,
PU077,Female,never,tx_naive,03_no_resection,not_available,not_available,,,,,,82.986301369863,0,I,NA,0.5,0,NA,NA,NA,,,,,,,,,,,,,,,,,,,,,,,,,,,,,,,,
PU078,Female,never,chemo_xrt_rrt,01_typical_carcinoid,absent,not_available,,,,,,59.9342465753425,0,I,0,3,0.8,0.064,2.1,0.62,,,,,,,,,,,,,,,,,,,,,,,,,,,,,,,,
PU079,Female,never,tx_naive,02_atypical_carcinoid,present,not_available,,,,,,67.7534246575343,0,III,0,0.5,0,0.27,2,0.79,,,,,,,,,,,,,,,,,,,,,,,,,,,,,,,,
PU080,Female,former,chemo_xrt_rrt,03_no_resection,not_available,not_available,negative,positive,,,,71.3041095890411,0.75,I,NA,35,7.4,0.39,2.2,0.92,,,,,,,,,,,nonsense,missense,,,,,,,,,,,,,,,,,,,,
PU081,Female,never,tx_naive,03_no_resection,absent,not_available,negative,positive,,wgd,,64.1232876712329,0,IV,4,50,2.5,0.57,2.7,0.94,,,,,,,,,,,,missense,,,,,,,,,,Del;Del;Del,,,,,,,,,,Del
PU082,Male,never,chemo_xrt_rrt,02_atypical_carcinoid,not_available,not_available,,,,,,76.8301369863014,0,IV,5,4,1,0.23,1.9,0.73,,,,,,,,,,,,missense,,,,,,,,,,,,,,,,,,,,
PU083,Female,never,tx_naive,01_typical_carcinoid,absent,not_available,,,,,,16.8438356164384,0,III,0,3,3.5,NA,NA,NA,,,,,,,,,,,,missense,,,,,,,,,,,,,,,,,,,,
PU084,Female,never,hormone_only,03_no_resection,absent,not_available,positive,negative,,,,72.2109589041096,0,IV,18,7,2.6,NA,NA,NA,,frameshift,,,,,,,,,,,splice,,,,,,,,,,,missense,,,,,,,,
PU085,Male,never,tx_naive,03_no_resection,not_available,not_available,,positive,,,,56.5534246575342,0,IV,NA,10,1.6,0.78,1.6,0.51,,,,nonsense,,,,,,,,,nonsense,,,,,,,,,,,,,,,,,,,
PU086,Female,never,tx_naive,02_atypical_carcinoid,present,other,positive,negative,negative,,,74.9068493150685,0,IV,3,15,0.9,NA,NA,NA,missense,,,,,,,,,,,,,,,,,,,,,,,,,,,,,,,
PU087,Female,former,tx_naive,01_typical_carcinoid,absent,A1,positive,positive,negative,,,52.7917808219178,30,I,0,1,1.8,NA,NA,NA,missense,,,,,,,,,,,,,,,,,,,,,,,,,,,,,,,
PU088,Female,former,tx_naive,02_atypical_carcinoid,present,A1,positive,positive,negative,wgd,,74.2356164383562,62.5,III,7,10,5.3,0.77,3.6,0.74,splice,,,,,,,,,,,,,,,,,,,,,,,,,,,,,,,
PU089,Female,former,tx_naive,02_atypical_carcinoid,present,A1,positive,positive,negative,,,66.3150684931507,10,III,4,15,2.6,0.081,2.2,0.61,missense,frameshift,,,,,,,,missense,,,,,,,,,,,,,,,,,,,,,,
PU090,Female,former,tx_naive,02_atypical_carcinoid,present,A1,positive,positive,negative,,,58.586301369863,40,I,5,30,2.6,0.2,1.9,0.73,splice,frameshift,,,,,,,,,,,,,,,,,,,,,,,,,,,,,,
PU091,Female,never,tx_naive,01_typical_carcinoid,absent,A1,positive,positive,negative,,,77.1397260273973,0,I,0,0.5,0.9,NA,NA,NA,missense,,,,,,,,,,,,,,,,,,,,,,,,,,,,,,,
PU092,Female,never,tx_naive,01_typical_carcinoid,absent,A1,positive,positive,negative,,,77.213698630137,0,I,0,1,2.6,NA,NA,NA,missense,frameshift,,,,,,,,,,,,,,,,,,,,,,,,,,,,,,
PU093,Female,never,tx_naive,01_typical_carcinoid,absent,A1,positive,positive,negative,,,67.0794520547945,0,I,0,1,2.5,NA,NA,NA,missense,,,,,,nonsense,,,,,,,,,,,,,,,,,,,,,,,,,
PU094,Female,current,tx_naive,02_atypical_carcinoid,not_available,A1,positive,positive,negative,,,75.5671232876712,15,II,7,20,3.3,0.053,2,0.25,missense,nonsense;frameshift,,,,,,,,,,,,,,,,,,,,,,,,,,,,,,
PU095,Male,current,tx_naive,01_typical_carcinoid,absent,A1,positive,positive,negative,,,58.3890410958904,46,II,0,2,1.6,0.092,2.2,0.55,missense,,,,,,,,,,,,,,,,,,,,,,,,,,,,,,,
PU096,Female,never,tx_naive,02_atypical_carcinoid,present,A1,positive,positive,negative,,,75.1095890410959,0,I,5,15,2.5,0.34,2.1,0.4,missense,,,,,,,,,,,,,,,,,,,,,,,,,,,,,,,
PU097,Female,current,chemo_xrt_rrt,01_typical_carcinoid,absent,A1,positive,positive,negative,,,62.5397260273973,46,II,0,3,0.8,NA,NA,NA,missense,,,,,,,,,,,,,,,,,,,,,,,,,,,,,,,
PU098,Female,never,tx_naive,01_typical_carcinoid,absent,A1,positive,positive,negative,,,58.0767123287671,0,I,0,9,0.8,0.11,2,0.56,missense,,,,,,,,,,,,,,,,,,,,,,,,,,,,,,,
PU099,Female,never,tx_naive,03_no_resection,not_available,not_available,,,,,,70.4821917808219,0,IV,2.5,20,2.6,0.35,1.9,0.81,missense,,,,,,,,,missense,,,,,,,,,,,,,,,,,,,,,,
PU100,Female,never,tx_naive,03_no_resection,not_available,not_available,,,,,,71.2739726027397,0,IV,4,15,1.8,0.21,2.1,0.8,missense,,,,,,,,,,,,,,,,,,,,,,,,,,,,,,,
PU101,Female,never,chemo_xrt_rrt,03_no_resection,not_available,not_available,,,,wgd,,60.6986301369863,0,IV,NA,16,5.3,0.6,3.6,0.63,missense,,,,,,,,,,,,,,,,,,,,,,,,,,,,,,,
PU102,Female,never,chemo_xrt_rrt,02_atypical_carcinoid,not_available,not_available,,,,,,69.4821917808219,0,IV,5,15,1,0.25,2,0.73,missense,,,,,,,,,,,,,,,,,,,,Amp,,,,,,,,,,,
PU103,Female,former,tx_naive,03_no_resection,present,not_available,,,,wgd,,69.0438356164384,2,IV,NA,30,1.1,0.41,3,0.44,missense,,,,,,,,,,,,,,,,,,,,,,,,,,,,,,,
PU104,Male,never,chemo_xrt_rrt,02_atypical_carcinoid,not_available,not_available,,,,,,61.5643835616438,0,I,4.2,20,2.2,0.25,2,0.68,missense,,,,,,,,,,,,,,,,,,,,,,,,,,,,inframe,,,
PU105,Female,never,tx_naive,01_typical_carcinoid,absent,not_available,,,,,,56.2931506849315,0,II,1,1,1.1,NA,NA,NA,missense,,,,,,,,,,,,,,,,,,,,,,,,,,,,,,,
PU106,Female,never,tx_naive,03_no_resection,absent,not_available,,,,,,73.6191780821918,0,IV,0,1,3,NA,NA,NA,missense,nonsense;frameshift,,,,,,,,,,,,,,,,,,,,,,,,,,,,,,
PU107,Female,never,chemo_xrt_rrt,02_atypical_carcinoid,not_available,not_available,,,,,,52.8958904109589,0,III,5.1,7,2,0.15,1.9,0.89,missense,frameshift,,,,,,,,,,,,,,,,,,,,,,,,,,,,,,
PU108,Female,never,tx_naive,03_no_resection,not_available,not_available,,,,,,73.1616438356164,0,IV,3.4,NA,2.6,0.22,2.3,0.33,missense,frameshift,,,,,,,,,,,,,,,,,,,,,,,,,,,,,,
PU109,Female,current,chemo_xrt_rrt,02_atypical_carcinoid,present,not_available,,,,,,70.9397260273973,30,II,7,15,1.8,0.29,1.9,0.83,splice,,,,,,,,,,,,,,,,,,,,,,,,,,,,,,,
PU110,Male,former,tx_naive,02_atypical_carcinoid,present,not_available,,,,,,74.8,3.5,IV,10.2,20,2.6,NA,NA,NA,missense,,,,,,,,,,,,,,,,,,,,,,,,,,,frameshift,,,,
PU111,Female,never,tx_naive,03_no_resection,not_available,not_available,,,,,,77.4465753424657,0,IV,4,12,3.5,0.077,2.1,0.77,missense,frameshift,,,,,,,,,,,,,,,,,,,,,,,missense,,,,,,,
PU112,Female,never,tx_naive,02_atypical_carcinoid,absent,not_available,,,,,,20.3534246575342,0,IV,3,5,1.6,0.35,2.4,0.68,missense,,,,,,,,,,,,,,,,,,,,,,,,,,,,,,,
PU113,Female,never,chemo_xrt_rrt,01_typical_carcinoid,absent,not_available,,,,,,60.841095890411,0,II,0,1,1.6,NA,NA,NA,missense,,frameshift,,,,,,,,,,,,,,,,,,,,,,,,,,,,,
PU114,Male,never,tx_naive,01_typical_carcinoid,absent,B,negative,negative,positive,,,58.8849315068493,0,III,1.7,5,0.9,0.39,2.3,0.91,,,,,,nonsense,,,,,,,,,,,,,,,,,,,,,,,,,,
PU115,Male,former,tx_naive,02_atypical_carcinoid,absent,B,negative,negative,positive,,,75.386301369863,36,III,6,20,0.9,0.32,2.1,0.59,,,,,,Del,,,,,,,,,,,,,,,,,,,,,,,,,,
PU116,Female,former,tx_naive,02_atypical_carcinoid,present,A1,positive,positive,negative,,,54.2712328767123,3.5,III,4,15,3,0.26,2.1,0.51,,,,,,nonsense,,,,,,,,,,,,,,,,,,,,,,,,,,
PU117,Female,current,tx_naive,01_typical_carcinoid,absent,A1,positive,positive,negative,,,36.1095890410959,18,III,1,2,0.9,0.055,2,0.69,,,,,,germline;frameshift,,,,,,,,,,,,,,,,,,,,,,,,,,
PU118,Male,never,hormone_only,02_atypical_carcinoid,absent,other,negative,negative,negative,,,52.0301369863014,0,III,2.5,10,2,0.22,2,0.81,,,,,,frameshift,,,,,,,,,,,,,,,,,,,,,,,,,,
PU119,Male,former,tx_naive,01_typical_carcinoid,absent,other,negative,negative,negative,,,72.2602739726027,0.75,I,1,1,0.9,0.077,2.2,0.88,,,,,,nonsense,,,,,,,,,,,,,,,,,,,,,,,,,,
PU120,Male,former,tx_naive,01_typical_carcinoid,absent,other,positive,positive,positive,,,54.3808219178082,1.375,I,0,0.5,1.6,0.086,2,0.7,,,,,,nonsense,,,,,,,,,,,,,,,,,,,,,,,,,,
PU121,Female,current,tx_naive,01_typical_carcinoid,not_available,other,negative,negative,negative,,,75.5479452054795,18,I,1,30,0.8,0.24,2.2,0.88,,,,,,frameshift,,,,,,,,,,,,,,,,,,,,,,,,,,
PU122,Female,never,tx_naive,02_atypical_carcinoid,absent,B,negative,negative,positive,,,65.4,0,I,42,25,2.5,NA,NA,NA,,,,,,nonsense;missense,,,,,,,,,,,,,,,,,,,,,,,,,,
PU123,Male,former,hormone_only,01_typical_carcinoid,not_available,not_available,,,,,,47.5616438356164,0.75,I,0.8,3,0.9,0.29,2,0.68,,,,,,germline,,,missense,,,,,,,,,,,,,,,,,,,,,,,
PU124,Male,never,chemo_xrt_rrt,02_atypical_carcinoid,not_available,not_available,,,,,,61.9178082191781,0,I,3,16,0.9,0.12,2,0.93,,,,,,nonsense,,,,,,,,,,,,,,,,,,,,,,,,,,
PU125,Female,former,tx_naive,03_no_resection,absent,not_available,,,,,,69.345205479452,1.375,III,0,20,3.9,NA,NA,NA,,,,,,nonsense,,,,missense,,,,,,,,,,,,,,,,,,,,,,
PU126,Male,never,tx_naive,02_atypical_carcinoid,present,not_available,,,,,,63.572602739726,0,III,3.3,2,1,0.16,2,0.68,,,,,,splice,,,,,,,,,,,,,,,,,,,,,,,,,,
PU127,Male,never,tx_naive,01_typical_carcinoid,absent,not_available,,,,,,38.5178082191781,0,II,1.6,3,1,0.16,2.1,0.86,,,,,,splice,,,,,,,,,,,,,,,,,,,,,,,,,,
PU128,Male,former,tx_naive,02_atypical_carcinoid,absent,not_available,,,,wgd,,56.6821917808219,6,I,3,5,1,0.61,3.2,0.47,,,,,,frameshift,,,,,,,,,,,,,,,,,,,,,,,,,,
PU129,Female,never,tx_naive,02_atypical_carcinoid,absent,not_available,,,,,,53.572602739726,0,IV,1,20,3.9,0.71,1.7,0.79,,,,,frameshift;frameshift,germline,,,,,,,,,,,,,,,,,,,,missense,,,,,,
PU130,Male,former,chemo_xrt_rrt,03_no_resection,not_available,not_available,,,,wgd,,58.1342465753425,2,IV,NA,50,7,0.53,3.1,0.22,,,,,missense,missense,,,,,,,,,,,,,,,,,,,,,,nonsense,,,,
PU131,Male,former,chemo_xrt_rrt,02_atypical_carcinoid,not_available,not_available,,,,,,49,30,II,5,21.2,5.3,0.44,1.7,0.97,,,,,,nonsense,missense,,,,,,,,,,,,,,,,,,,,,,,,,
PU132,Female,never,tx_naive,03_no_resection,not_available,not_available,,,,,,74.1616438356164,0,IV,NA,12,1.6,NA,NA,NA,,,,,,nonsense,,,,,,,,,,,,,,,,,,,,,,,,,,
PU133,Male,former,tx_naive,03_no_resection,absent,not_available,,,,,,79.7095890410959,36,I,14,20,3.3,0.38,1.7,0.79,,,,,,nonsense,,,,,,,,,,,,,,,,,,,,,,,,,nonsense,
PU134,Male,never,tx_naive,02_atypical_carcinoid,not_available,not_available,,,,,,56.6684931506849,0,III,2,10,2.5,NA,NA,NA,,,,,,nonsense;frameshift,,,,,,,,,,,,,,,,,,,,,,,,,,
PU135,Male,former,tx_naive,02_atypical_carcinoid,absent,not_available,,,,,,68.9698630136986,10,II,3,5,0.8,0.21,2,0.68,,,,,,nonsense,,,,,,,,,,,,,,,,,,,,,,,,,,
PU136,Female,never,tx_naive,01_typical_carcinoid,not_available,not_available,,,,,,53.558904109589,0,III,0,3,0.8,NA,NA,NA,,,,,,missense,,,,,,,,,,,,,,,,,,,,,,,,,,
PU137,Female,former,tx_naive,02_atypical_carcinoid,not_available,A1,positive,positive,negative,wgd,,52.4383561643836,4.75,III,5.1,30,1,0.54,3.2,0.31,,nonsense,,,,,,,,,,,,,,,,,,,,,,,,,,,,,,
PU138,Female,former,tx_naive,01_typical_carcinoid,absent,A2,positive,negative,positive,,,46.7424657534247,17,I,0,3,1,0.0074,2.1,0.46,,frameshift,,,,,,,,,,,,,,,,,,,,,,,,,,,,,,
PU139,Female,never,tx_naive,01_typical_carcinoid,absent,A2,positive,negative,positive,,,63.6438356164384,0,I,0,2,2.6,0.15,2,0.76,,frameshift,,,,,,,,,,,,,,,,,,,,,,,,,,nonsense;frameshift,,,,
PU140,Female,former,tx_naive,01_typical_carcinoid,absent,A1,positive,positive,negative,,,69.6191780821918,2,I,0,1,0.9,NA,NA,NA,,Del,,,,,,,,,,,,,,,,,,,,,,,,,,,,,,
PU141,Female,never,tx_naive,01_typical_carcinoid,absent,A1,positive,positive,negative,,,57.6383561643836,0,I,1,1,0.9,NA,NA,NA,,nonsense,,,,,,,,,,,,,,,,,,,,,,,,,,,,,,
PU142,Male,never,tx_naive,01_typical_carcinoid,absent,A1,positive,positive,negative,,,49.0301369863014,0,I,1,1,1.8,NA,NA,NA,,frameshift,,,,,,,,,,,,,,,,,,,,,,,,,,,,,,
PU143,Female,former,tx_naive,01_typical_carcinoid,absent,A2,positive,negative,positive,,,60.3232876712329,36,I,0,4,0.9,NA,NA,NA,,frameshift,,,,,,,,,,,,,,,,,,,,,,,,,,,,,,
PU144,Female,former,tx_naive,02_atypical_carcinoid,absent,A2,positive,negative,positive,,,59.6931506849315,70,I,4,2,0.8,0.012,2.1,0.69,,nonsense,,,,,,,,,,,,,,,,,,,,,,,,,,,,,,
PU145,Female,never,hormone_only,01_typical_carcinoid,absent,A1,positive,positive,negative,,,68.8520547945206,0,III,0,1,1.6,NA,NA,NA,,nonsense,,,,,,,,,,,,,,,,,,,,,,,,,,,,,frameshift,
PU146,Female,former,tx_naive,01_typical_carcinoid,absent,A1,positive,positive,negative,,,74.358904109589,30,I,0,3,0.8,NA,NA,NA,,nonsense,,,,,,,,,,,,,,,,,,,,,,,,,,,,,,
PU147,Female,never,tx_naive,03_no_resection,not_available,not_available,,,,,,75.786301369863,0,IV,NA,2,1.8,0.2,2.3,0.31,,frameshift,,,,,,,,,,,,,,,,,,,,,,,,,upstrea_reg,,,,,
PU148,Female,never,tx_naive,01_typical_carcinoid,absent,not_available,,,,,,53.5945205479452,0,III,0,1,1,0.068,2,0.44,,splice,,,,,,,,,,,,,,,,,,,,,,,,,,,,,,
PU149,Male,never,tx_naive,03_no_resection,not_available,not_available,,,,,,26.0547945205479,0,II,NA,0,1,NA,NA,NA,,nonsense,,,,,,,,,,,,,,,,,,,,,,,,,,,,,,
PU150,Female,never,tx_naive,01_typical_carcinoid,absent,not_available,,,,,,68.9972602739726,0,II,0,1,1,NA,NA,NA,,frameshift,,,,,,,,,,,,,,,,,,,,,,,,,,,,,,
PU151,Male,former,chemo_xrt_rrt,01_typical_carcinoid,absent,not_available,,,,,,37.6191780821918,17,III,4,4.9,0.9,NA,NA,NA,,nonsense,,,,,,,,,,,,,,,,,,,,,,,,,,,,,,
PU152,Female,never,tx_naive,01_typical_carcinoid,not_available,not_available,,,,,,59.1616438356164,0,I,0,1,2.6,NA,NA,NA,,frameshift,,,,,frameshift,,,,,,,,,,,,,,,,,,,,,,,,,
PU153,Female,never,tx_naive,03_no_resection,absent,not_available,,,,,,57.2027397260274,0,III,0,8,1.6,0.05,1.9,0.55,,splice,,,,,,,,,,,,,,,,,,,,,,,,,,,,,,
PU154,Female,never,hormone_only,03_no_resection,absent,not_available,,,,,,64.1150684931507,0,I,0,0.5,0.8,NA,NA,NA,,frameshift,,,,,,,,,,,,,,,,,,,,,,,,,,,,,,
PU155,Female,never,tx_naive,02_atypical_carcinoid,absent,A2,positive,negative,positive,,,58.1972602739726,0,I,2.7,5,3.9,NA,NA,NA,,,,,,,,,,,,,,,,frameshift;frameshift,,,,,,,,,,,,,,,,
PU156,Male,former,tx_naive,01_typical_carcinoid,absent,other,positive,negative,negative,,,67.0821917808219,0.5,I,0,1,0.9,NA,NA,NA,,,,,,,,,,,,,,,,frameshift,,,,,,,,,,,,,,,,
PU157,Female,never,tx_naive,01_typical_carcinoid,absent,B,negative,negative,positive,,,65.7534246575343,0,I,0,1,0,0.12,2.1,0.58,,,,,,,Del,,,Del,,,,,,,,,,,,,,,,,,,,,,
PU158,Female,never,chemo_xrt_rrt,03_no_resection,not_available,not_available,,,,wgd,,70.4301369863014,0,IV,0,30,1.8,0.86,2.9,0.9,,,,,,,,,nonsense,,,,,,,,,,,,,,,,,,,,,,,
PU159,Male,former,tx_naive,03_no_resection,not_available,not_available,,,,,,73.9506849315069,18.75,III,NA,10,2.5,0.24,1.8,0.94,,,,,,,,,,,,,,,,,,,,,,,,,,,,,missense,,,
PU160,Female,current,chemo_xrt_rrt,02_atypical_carcinoid,not_available,not_available,,,,wgd,,54.1890410958904,21,II,7,30,2,0.67,3.1,0.49,,,,,,,,,,,,,,,,,,Amp,,Amp,,,,,,,,,missense,,,
PU161,Female,never,chemo_xrt_rrt,03_no_resection,absent,not_available,,,,,,61.3369863013699,0,IV,NA,10,1,0.46,1.7,0.7,,,nonsense,,,,,,,,,,,,,,Amp,,,,,,,,,,,,,,,
PU162,Female,never,tx_naive,03_no_resection,not_available,not_available,,,,,,67.2684931506849,0,IV,NA,20,1.8,NA,NA,NA,,,,missense,,,,,,,,,,,,,,,,,,,,,,,,,,,,
PU163,Female,never,hormone_only,03_no_resection,absent,not_available,,,,,,73.2767123287671,0,I,0,3,NA,0.12,1.9,0.43,,,Del,,,,,,,,,,,,,,,,,,,,,,,,,,,,,
PU164,Male,former,chemo_xrt_rrt,03_no_resection,not_available,not_available,,,,,,61.9890410958904,6,III,NA,7,0.9,0.13,1.9,0.55,,,,,,,,nonsense,,,,,,,,,,,,,,,,,,,,,,,,
PU165,Male,never,tx_naive,01_typical_carcinoid,absent,not_available,,,,,,21.8438356164384,0,III,1,3,0.9,0.16,2.3,0.35,,,,,,,,,,nonsense,,,,,,,,,,,,,,,,,,,,,,
PU166,Female,former,tx_naive,02_atypical_carcinoid,not_available,not_available,,,,,,49.5616438356164,1.25,III,9,28.4,0.8,NA,NA,NA,,,,,,,,,,,,,,,,,,,,,,,,,,,missense,,,,,
PU167,Female,current,tx_naive,03_no_resection,present,not_available,,,,,,83.7643835616438,30,IV,0,30,1.6,0.37,2.1,0.63,,,,,,,,,,,,,,,missense,,,,,,,,,,,,,,,,,
PU168,Male,former,tx_naive,01_typical_carcinoid,absent,not_available,,,,,,55.0767123287671,0.5,II,0,4,0.8,0.065,2,0.86,,,,,,,,,,,splice,,,,,,,,,,,,,,,,,,,,,
PU169,Male,former,chemo_xrt_rrt,03_no_resection,not_available,not_available,,,,,,29.413698630137,3.5,IV,4,60,4.9,0.28,1.8,0.75,,,,,,,,,missense,,,,,,,,,,,,,,,,,,,,,,,
PU170,Male,former,tx_naive,01_typical_carcinoid,not_available,not_available,,,,,,69.9753424657534,30,I,0,2,0,0.073,2.1,0.79,,,,,,,,,,germline,,,,,,,,,,,,,,,,,,,,,,
PU171,Male,former,tx_naive,01_typical_carcinoid,absent,not_available,,,,,,76.013698630137,30,I,0,2,1.6,0.21,2.1,0.53,,,,,,,,,,,,,,,,,,,,,,,,,missense,,,,,,,
PU172,Female,never,tx_naive,01_typical_carcinoid,absent,not_available,,,,,,51.8958904109589,0,I,0,3,1.6,NA,NA,NA,,,,,,,,,missense,,,,,,,,,,,,,,,,,,,,,,,
PU173,Female,never,chemo_xrt_rrt,03_no_resection,not_available,not_available,,,,,,47.854794520548,0,IV,NA,20,2.5,NA,NA,NA,,,,,,,,,,,,,,frameshift,,,,,,,,,,,,,,,,,,
PU174,Male,former,tx_naive,01_typical_carcinoid,absent,not_available,,,,,,53.358904109589,8,I,1,NA,0.8,0.28,2.1,0.61,,,,,,,,,,,,,,,,,,,,,,,,,missense,,,,,,,
PU175,Male,never,tx_naive,03_no_resection,not_available,not_available,,,,wgd,,55.3315068493151,0,IV,9,20,1.6,0.55,3.9,0.45,,,,,,,,,,missense,,,,,,,,,,,,,,,,,,,,,,
